{"cameraMode":{"drawMode":0,"name":"Shaded","section":"Shading Mode"},"sceneLighting":true,"audioPlay":false,"sceneViewState":{"m_AlwaysRefresh":false,"showFog":true,"showSkybox":true,"showFlares":true,"showImageEffects":true,"showParticleSystems":true,"showVisualEffectGraphs":true,"m_FxEnabled":false},"in2DMode":false,"pivot":{"x":-0.26758480072021487,"y":0.9767520427703857,"z":-0.18724846839904786},"rotation":{"x":-0.10152324289083481,"y":0.8859581351280212,"z":-0.23123979568481446,"w":-0.38896793127059939},"size":2.2678475379943849,"orthographic":false}